claim_id,dataset,judge_skeptic_opus_p,judge_skeptic_opus_conf,judge_skeptic_gpt55_p,judge_skeptic_gpt55_conf,judge_skeptic_gem31_p,judge_skeptic_gem31_conf,judge_field_opus_p,judge_field_opus_conf,judge_field_gpt55_p,judge_field_gpt55_conf,judge_field_gem31_p,judge_field_gem31_conf,judge_bayesian_opus_p,judge_bayesian_opus_conf,judge_bayesian_gpt55_p,judge_bayesian_gpt55_conf,judge_bayesian_gem31_p,judge_bayesian_gem31_conf,judge_generalist_opus_p,judge_generalist_opus_conf,judge_generalist_gpt55_p,judge_generalist_gpt55_conf,judge_generalist_gem31_p,judge_generalist_gem31_conf,judge_n_responses,judge_mean_p,judge_median_p,judge_sd_p,judge_min_p,judge_max_p,judge_iqr_p,judge_persona_disagreement,judge_model_disagreement,expected_power,p_replication_observed
0qar_single-trace,round1,0.3,medium,0.3,medium,0.13,high,0.3,medium,0.3,medium,0.13,high,0.3,medium,0.3,medium,0.13,high,0.3,medium,0.3,medium,0.13,high,12,0.2433,0.3,0.0837,0.13,0.3,0.17,0.0,0.0981,0.8,0.2325
1574_single-trace,round2,0.87,high,0.87,medium,0.87,high,0.87,high,0.87,medium,0.87,high,0.87,medium,0.87,medium,0.87,high,0.87,medium,0.87,medium,0.87,high,12,0.87,0.87,0.0,0.87,0.87,0.0,0.0,0.0,0.8,0.7025
1VeW_single-trace,round2,0.7,medium,0.7,medium,0.7,medium,0.87,medium,0.7,medium,0.5,medium,0.7,low,0.7,medium,0.5,low,0.7,medium,0.7,medium,0.7,low,12,0.6808,0.7,0.0975,0.5,0.87,0.0,0.032,0.0732,0.8,0.5606
1X9W_single-trace,round1,0.13,medium,0.13,medium,0.13,high,0.13,high,0.13,medium,0.03,high,0.13,medium,0.13,medium,0.13,high,0.13,medium,0.3,medium,0.13,high,12,0.1358,0.13,0.0592,0.03,0.3,0.0,0.0374,0.0341,0.8,0.1519
2GKO_single-trace,round1,0.7,low,0.5,medium,0.3,medium,0.5,low,0.5,medium,0.3,medium,0.3,low,0.5,medium,0.3,medium,0.3,medium,0.7,low,0.3,medium,12,0.4333,0.4,0.1557,0.3,0.7,0.2,0.0544,0.1258,0.8,0.375
2lb5_single-trace,round1,0.87,high,0.87,medium,0.87,high,0.87,medium,0.87,medium,0.87,high,0.87,medium,0.87,medium,0.87,medium,0.87,medium,0.7,medium,0.87,medium,12,0.8558,0.87,0.0491,0.7,0.87,0.0,0.0283,0.0245,0.8,0.6919
347d_single-trace,round2,0.87,high,0.87,medium,0.87,high,0.87,medium,0.87,medium,0.87,high,0.87,high,0.87,medium,0.87,high,0.87,medium,0.87,medium,0.87,high,12,0.87,0.87,0.0,0.87,0.87,0.0,0.0,0.0,0.8,0.7025
3aPw_single-trace,round2,0.87,high,0.7,medium,0.87,high,0.87,medium,0.87,medium,0.87,high,0.87,medium,0.7,medium,0.87,high,0.87,medium,0.7,medium,0.87,high,12,0.8275,0.87,0.0769,0.7,0.87,0.085,0.0283,0.0736,0.8,0.6706
4q0L_single-trace,round2,0.7,medium,0.7,medium,0.87,high,0.7,medium,0.7,low,0.7,medium,0.7,low,0.7,medium,0.7,medium,0.7,low,0.7,medium,0.7,low,12,0.7142,0.7,0.0491,0.7,0.87,0.0,0.0283,0.0245,0.8,0.5857
59bm_single-trace,round2,0.7,medium,0.7,medium,0.87,high,0.7,medium,0.7,medium,0.87,high,0.7,medium,0.7,medium,0.87,high,0.7,medium,0.7,low,0.87,high,12,0.7567,0.7,0.0837,0.7,0.87,0.17,0.0,0.0981,0.8,0.6175
5Awm_single-trace,round2,0.5,medium,0.7,medium,0.3,medium,0.5,medium,0.5,medium,0.3,medium,0.5,low,0.7,low,0.3,medium,0.7,low,0.7,medium,0.7,medium,12,0.5333,0.5,0.167,0.3,0.7,0.3,0.1155,0.1258,0.8,0.45
5JE_single-trace,round1,0.3,medium,0.3,medium,0.13,high,0.3,medium,0.3,medium,0.3,medium,0.3,medium,0.3,medium,0.3,medium,0.3,medium,0.5,low,0.3,medium,12,0.3025,0.3,0.0791,0.13,0.5,0.0,0.0504,0.0463,0.8,0.2769
5Kgq_single-trace,round1,0.87,low,0.7,medium,0.87,high,0.87,medium,0.7,medium,0.87,high,0.7,medium,0.7,medium,0.7,medium,0.87,medium,0.7,medium,0.87,medium,12,0.785,0.785,0.0888,0.7,0.87,0.17,0.0567,0.0736,0.8,0.6388
5KrD_single-trace,round1,0.3,medium,0.3,medium,0.3,medium,0.3,medium,0.3,medium,0.3,medium,0.3,medium,0.3,medium,0.3,medium,0.3,medium,0.7,low,0.3,medium,12,0.3333,0.3,0.1155,0.3,0.7,0.0,0.0667,0.0577,0.8,0.3
5Q82_single-trace,round2,0.5,low,0.3,medium,0.3,medium,0.5,low,0.3,low,0.3,medium,0.5,low,0.7,low,0.3,low,0.5,low,0.5,low,0.3,medium,12,0.4167,0.4,0.1337,0.3,0.7,0.2,0.0638,0.1041,0.8,0.3625
5Xaw_single-trace,round2,0.3,medium,0.3,low,0.3,medium,0.3,medium,0.5,medium,0.3,medium,0.3,low,0.3,medium,0.3,medium,0.5,low,0.5,medium,0.3,medium,12,0.35,0.3,0.0905,0.3,0.5,0.1,0.0638,0.05,0.8,0.3125
7RR2_2kl87y,round2,0.3,medium,0.3,medium,0.3,medium,0.3,medium,0.3,medium,0.13,high,0.3,medium,0.3,medium,0.3,medium,0.3,medium,0.3,medium,0.3,medium,12,0.2858,0.3,0.0491,0.13,0.3,0.0,0.0283,0.0245,0.8,0.2644
7RR2_4d3878,round2,0.3,medium,0.7,medium,0.7,medium,0.3,medium,0.7,medium,0.3,medium,0.3,low,0.7,medium,0.3,medium,0.3,low,0.7,medium,0.7,medium,12,0.5,0.5,0.2089,0.3,0.7,0.4,0.077,0.2,0.8,0.425
7RR2_5vw85q,round2,0.3,medium,0.3,medium,0.13,high,0.3,medium,0.3,medium,0.13,high,0.3,medium,0.3,medium,0.13,medium,0.3,medium,0.3,medium,0.3,medium,12,0.2575,0.3,0.0769,0.13,0.3,0.085,0.0283,0.0736,0.8,0.2431
7RR2_89x817,round1,0.3,medium,0.3,low,0.13,high,0.13,medium,0.3,medium,0.13,medium,0.3,medium,0.3,medium,0.13,medium,0.3,medium,0.3,low,0.3,medium,12,0.2433,0.3,0.0837,0.13,0.3,0.17,0.0463,0.0649,0.8,0.2325
7RR2_9qjzdd,round1,0.13,medium,0.13,high,0.13,medium,0.3,medium,0.3,medium,0.13,medium,0.3,medium,0.3,medium,0.13,high,0.13,medium,0.3,medium,0.3,high,12,0.215,0.215,0.0888,0.13,0.3,0.17,0.0567,0.0425,0.8,0.2113
7RR2_b2pwnv,round2,0.13,medium,0.3,medium,0.3,medium,0.3,medium,0.3,medium,0.5,medium,0.3,medium,0.3,medium,0.3,medium,0.3,medium,0.3,medium,0.3,medium,12,0.3025,0.3,0.0791,0.13,0.5,0.0,0.0504,0.0463,0.8,0.2769
7RR2_bd3w94,round1,0.3,medium,0.3,medium,0.3,medium,0.3,medium,0.3,medium,0.3,medium,0.3,medium,0.3,medium,0.3,medium,0.3,medium,0.3,medium,0.3,medium,12,0.3,0.3,0.0,0.3,0.3,0.0,0.0,0.0,0.8,0.275
7RR2_bn72ln,round2,0.13,high,0.13,medium,0.13,high,0.13,high,0.3,medium,0.13,high,0.13,high,0.3,medium,0.13,high,0.13,high,0.13,medium,0.13,high,12,0.1583,0.13,0.0662,0.13,0.3,0.0,0.0327,0.0491,0.8,0.1687
7RR2_bolw7q,round1,0.3,medium,0.3,medium,0.3,medium,0.3,medium,0.3,medium,0.3,medium,0.3,medium,0.3,medium,0.3,medium,0.3,medium,0.3,medium,0.3,medium,12,0.3,0.3,0.0,0.3,0.3,0.0,0.0,0.0,0.8,0.275
7RR2_brwop3,round2,0.5,low,0.3,medium,0.3,medium,0.3,medium,0.3,medium,0.3,medium,0.3,medium,0.7,low,0.3,medium,0.3,medium,0.7,low,0.3,medium,12,0.3833,0.3,0.1586,0.3,0.7,0.1,0.0638,0.1041,0.8,0.3375
7RR2_d5dy7d,round2,0.3,medium,0.3,medium,0.13,medium,0.3,medium,0.3,medium,0.3,medium,0.3,medium,0.3,medium,0.3,medium,0.3,medium,0.3,low,0.3,medium,12,0.2858,0.3,0.0491,0.13,0.3,0.0,0.0283,0.0245,0.8,0.2644
7RR2_g4xnzl,round1,0.3,medium,0.3,medium,0.13,high,0.3,medium,0.5,low,0.3,medium,0.3,medium,0.3,medium,0.13,medium,0.3,medium,0.3,low,0.13,high,12,0.2742,0.3,0.1039,0.13,0.5,0.085,0.0617,0.0915,0.8,0.2556
7RR2_m5jnlk,round2,0.3,medium,0.3,medium,0.3,medium,0.3,medium,0.3,medium,0.3,medium,0.13,medium,0.3,low,0.3,medium,0.3,medium,0.3,medium,0.5,medium,12,0.3025,0.3,0.0791,0.13,0.5,0.0,0.0504,0.0463,0.8,0.2769
7RR2_m84pw1,round1,0.13,high,0.13,medium,0.13,high,0.13,high,0.13,medium,0.03,high,0.13,high,0.3,medium,0.13,high,0.13,high,0.3,medium,0.13,high,12,0.15,0.13,0.0757,0.03,0.3,0.0,0.0445,0.0577,0.8,0.1625
7RR2_my485o,round1,0.3,medium,0.3,medium,0.3,medium,0.3,medium,0.5,low,0.3,medium,0.3,medium,0.3,medium,0.3,medium,0.3,medium,0.3,low,0.3,medium,12,0.3167,0.3,0.0577,0.3,0.5,0.0,0.0333,0.0289,0.8,0.2875
7RR2_n1rp5w,round2,0.13,medium,0.3,medium,0.13,high,0.13,medium,0.3,medium,0.13,high,0.13,medium,0.3,medium,0.13,medium,0.13,medium,0.3,medium,0.13,high,12,0.1867,0.13,0.0837,0.13,0.3,0.17,0.0,0.0981,0.8,0.19
7RR2_odrqvl,round1,0.3,low,0.5,medium,0.3,medium,0.3,medium,0.3,low,0.3,medium,0.3,medium,0.7,low,0.3,medium,0.3,medium,0.7,low,0.3,medium,12,0.3833,0.3,0.1586,0.3,0.7,0.1,0.0638,0.1443,0.8,0.3375
7RR2_yor7v2,round2,0.5,low,0.7,medium,0.3,medium,0.3,low,0.7,low,0.3,medium,0.3,low,0.7,medium,0.3,medium,0.3,low,0.7,medium,0.3,medium,12,0.45,0.3,0.1931,0.3,0.7,0.4,0.0333,0.2179,0.8,0.3875
7X54_m6qkxx,round2,0.87,medium,0.7,medium,0.87,high,0.87,medium,0.7,medium,0.7,medium,0.87,medium,0.7,medium,0.87,high,0.7,low,0.7,medium,0.7,medium,12,0.7708,0.7,0.0875,0.7,0.87,0.17,0.0543,0.0649,0.8,0.6281
7X54_single-trace,round1,0.87,high,0.87,medium,0.87,high,0.87,medium,0.7,medium,0.87,high,0.87,high,0.87,medium,0.87,high,0.87,medium,0.5,low,0.87,high,12,0.825,0.87,0.1134,0.5,0.87,0.0,0.0587,0.0779,0.8,0.6688
88xa_single-trace,round1,0.3,medium,0.5,medium,0.13,medium,0.3,medium,0.3,medium,0.13,medium,0.3,medium,0.3,low,0.3,medium,0.3,medium,0.5,medium,0.3,medium,12,0.305,0.3,0.1118,0.13,0.5,0.0,0.0505,0.0926,0.8,0.2787
8R9d_single-trace,round2,0.7,medium,0.5,medium,0.7,medium,0.7,medium,0.3,medium,0.87,medium,0.5,low,0.7,medium,0.87,high,0.7,low,0.5,medium,0.7,medium,12,0.645,0.7,0.1656,0.3,0.87,0.2,0.0304,0.1426,0.8,0.5338
8wZ0_single-trace,round1,0.13,medium,0.3,medium,0.13,high,0.13,medium,0.3,medium,0.13,high,0.3,medium,0.3,medium,0.13,medium,0.3,medium,0.5,medium,0.3,medium,12,0.2458,0.3,0.1165,0.13,0.5,0.17,0.0849,0.0927,0.8,0.2344
9J1_single-trace,round2,0.3,medium,0.3,medium,0.13,high,0.3,medium,0.3,medium,0.13,medium,0.3,medium,0.3,medium,0.3,medium,0.3,medium,0.3,medium,0.3,medium,12,0.2717,0.3,0.0662,0.13,0.3,0.0,0.0327,0.0491,0.8,0.2538
9OK1_3n2npq,round2,0.7,medium,0.7,medium,0.7,medium,0.7,medium,0.7,medium,0.7,medium,0.7,medium,0.7,medium,0.7,medium,0.7,medium,0.7,medium,0.7,medium,12,0.7,0.7,0.0,0.7,0.7,0.0,0.0,0.0,0.8,0.575
9OK1_ppwpjr,round2,0.7,medium,0.7,medium,0.7,medium,0.7,medium,0.7,medium,0.7,medium,0.7,low,0.7,medium,0.7,medium,0.7,low,0.7,medium,0.7,medium,12,0.7,0.7,0.0,0.7,0.7,0.0,0.0,0.0,0.8,0.575
9OK1_q7q7np,round1,0.7,low,0.7,medium,0.3,medium,0.5,low,0.5,medium,0.3,medium,0.7,low,0.7,medium,0.3,low,0.7,low,0.7,medium,0.3,medium,12,0.5333,0.6,0.1875,0.3,0.7,0.4,0.0667,0.2021,0.8,0.45
9OK1_w7d7ly,round1,0.7,medium,0.7,medium,0.7,medium,0.7,medium,0.7,medium,0.7,high,0.7,medium,0.7,medium,0.7,medium,0.7,medium,0.7,medium,0.7,medium,12,0.7,0.7,0.0,0.7,0.7,0.0,0.0,0.0,0.8,0.575
9R9X_single-trace,round2,0.3,medium,0.5,medium,0.3,medium,0.3,medium,0.5,low,0.13,medium,0.3,medium,0.5,medium,0.3,medium,0.3,medium,0.7,low,0.3,medium,12,0.3692,0.3,0.1512,0.13,0.7,0.2,0.0504,0.158,0.8,0.3269
9ey_single-trace,round2,0.87,high,0.87,medium,0.87,high,0.87,high,0.87,medium,0.87,medium,0.87,medium,0.87,medium,0.87,medium,0.87,high,0.87,medium,0.87,high,12,0.87,0.87,0.0,0.87,0.87,0.0,0.0,0.0,0.8,0.7025
ACHG,round3,0.87,medium,0.7,medium,0.87,high,0.87,medium,0.7,medium,0.87,high,0.7,medium,0.7,medium,0.87,high,0.7,medium,0.7,medium,0.87,high,12,0.785,0.785,0.0888,0.7,0.87,0.17,0.0327,0.085,0.8,0.6388
AOQj_single-trace,round1,0.7,medium,0.87,medium,0.87,high,0.7,medium,0.7,medium,0.87,high,0.7,medium,0.87,medium,0.87,high,0.87,medium,0.87,medium,0.87,high,12,0.8133,0.87,0.0837,0.7,0.87,0.17,0.0463,0.0649,0.8,0.66
AYQG_6rp9on,round2,0.3,medium,0.3,medium,0.13,high,0.3,medium,0.3,low,0.3,high,0.3,medium,0.3,low,0.3,medium,0.3,medium,0.3,low,0.3,medium,12,0.2858,0.3,0.0491,0.13,0.3,0.0,0.0283,0.0245,0.8,0.2644
AYQG_l8rz5d,round1,0.3,medium,0.3,medium,0.3,medium,0.3,medium,0.3,medium,0.3,high,0.3,low,0.3,low,0.3,medium,0.5,medium,0.3,low,0.3,medium,12,0.3167,0.3,0.0577,0.3,0.5,0.0,0.0333,0.0289,0.8,0.2875
AYQG_w7r4vl,round2,0.3,low,0.3,medium,0.3,medium,0.3,low,0.3,medium,0.3,medium,0.3,medium,0.3,medium,0.3,medium,0.3,low,0.5,low,0.3,medium,12,0.3167,0.3,0.0577,0.3,0.5,0.0,0.0333,0.0289,0.8,0.2875
AgO1_single-trace,round1,0.7,low,0.7,medium,0.7,medium,0.7,medium,0.7,medium,0.13,medium,0.5,low,0.7,medium,0.3,medium,0.5,low,0.7,medium,0.3,high,12,0.5525,0.7,0.2053,0.13,0.7,0.3,0.0984,0.1761,0.8,0.4644
AqDO_single-trace,round1,0.3,medium,0.3,medium,0.3,medium,0.3,medium,0.7,low,0.3,medium,0.3,low,0.3,medium,0.3,medium,0.3,medium,0.3,low,0.3,medium,12,0.3333,0.3,0.1155,0.3,0.7,0.0,0.0667,0.0577,0.8,0.3
AqDO_ywjwq1,round2,0.7,medium,0.7,medium,0.7,medium,0.7,medium,0.7,low,0.7,medium,0.7,low,0.7,medium,0.7,low,0.7,medium,0.7,low,0.7,medium,12,0.7,0.7,0.0,0.7,0.7,0.0,0.0,0.0,0.8,0.575
AvOr_b7dlq4,round2,0.3,medium,0.3,low,0.3,medium,0.3,medium,0.5,medium,0.3,medium,0.5,low,0.3,medium,0.3,medium,0.5,low,0.5,low,0.3,medium,12,0.3667,0.3,0.0985,0.3,0.5,0.2,0.0544,0.0577,0.8,0.325
AvOr_grlzkw,round2,0.7,low,0.7,medium,0.7,medium,0.7,low,0.7,medium,0.7,medium,0.7,low,0.7,low,0.7,medium,0.7,medium,0.7,medium,0.7,medium,12,0.7,0.7,0.0,0.7,0.7,0.0,0.0,0.0,0.8,0.575
AvOr_single-trace,round1,0.87,medium,0.7,medium,0.7,medium,0.87,medium,0.7,medium,0.7,medium,0.7,medium,0.7,medium,0.7,medium,0.7,medium,0.7,medium,0.7,high,12,0.7283,0.7,0.0662,0.7,0.87,0.0,0.0327,0.0491,0.8,0.5962
AvWY_single-trace,round2,0.3,medium,0.3,medium,0.13,high,0.3,medium,0.3,medium,0.3,medium,0.3,medium,0.3,low,0.13,medium,0.3,medium,0.5,low,0.3,high,12,0.2883,0.3,0.0935,0.13,0.5,0.0,0.0587,0.0683,0.8,0.2662
BKxK_single-trace,round2,0.13,medium,0.3,medium,0.13,high,0.3,low,0.3,medium,0.13,medium,0.3,medium,0.3,medium,0.13,medium,0.3,medium,0.3,medium,0.3,medium,12,0.2433,0.3,0.0837,0.13,0.3,0.17,0.0463,0.0649,0.8,0.2325
BOZX,round3,0.3,medium,0.5,medium,0.3,medium,0.7,low,0.7,low,0.7,medium,0.3,medium,0.5,low,0.3,medium,0.3,medium,0.5,low,0.3,high,12,0.45,0.4,0.1732,0.3,0.7,0.3,0.1667,0.0866,0.8,0.3875
BRDX,round3,0.3,medium,0.3,medium,0.3,medium,0.3,medium,0.3,low,0.3,medium,0.3,medium,0.3,medium,0.3,medium,0.3,medium,0.5,medium,0.3,medium,12,0.3167,0.3,0.0577,0.3,0.5,0.0,0.0333,0.0289,0.8,0.2875
BTXN,round3,0.87,medium,0.87,medium,0.87,high,0.87,high,0.87,medium,0.87,high,0.87,medium,0.87,medium,0.87,high,0.87,medium,0.87,medium,0.87,high,12,0.87,0.87,0.0,0.87,0.87,0.0,0.0,0.0,0.8,0.7025
BlRQ_single-trace,round2,0.87,high,0.87,medium,0.87,high,0.87,high,0.87,medium,0.87,high,0.87,high,0.87,medium,0.97,high,0.87,high,0.87,medium,0.87,high,12,0.8783,0.87,0.0289,0.87,0.97,0.0,0.0167,0.0144,0.8,0.7087
Blxd_282qvz,round2,0.7,medium,0.7,medium,0.87,high,0.7,medium,0.7,medium,0.87,high,0.7,medium,0.87,medium,0.87,high,0.87,medium,0.87,medium,0.87,high,12,0.7992,0.87,0.0875,0.7,0.87,0.17,0.0543,0.0649,0.8,0.6494
Blxd_5821x4,round1,0.87,medium,0.7,medium,0.87,high,0.87,medium,0.7,medium,0.87,high,0.7,medium,0.87,medium,0.87,high,0.87,medium,0.87,medium,0.87,medium,12,0.8275,0.87,0.0769,0.7,0.87,0.085,0.0283,0.0425,0.8,0.6706
Blxd_bl7k78,round1,0.87,medium,0.5,medium,0.87,high,0.87,medium,0.7,low,0.87,high,0.7,medium,0.7,medium,0.87,high,0.87,medium,0.7,medium,0.87,high,12,0.7825,0.87,0.1208,0.5,0.87,0.17,0.0358,0.1167,0.8,0.6369
Blxd_bx4248,round2,0.87,medium,0.7,medium,0.87,high,0.87,medium,0.7,low,0.87,medium,0.7,medium,0.7,medium,0.87,high,0.87,medium,0.7,medium,0.87,high,12,0.7992,0.87,0.0875,0.7,0.87,0.17,0.0283,0.0885,0.8,0.6494
Blxd_single-trace,round2,0.7,low,0.7,low,0.7,medium,0.7,low,0.7,medium,0.7,medium,0.7,low,0.7,medium,0.7,medium,0.7,medium,0.7,medium,0.7,medium,12,0.7,0.7,0.0,0.7,0.7,0.0,0.0,0.0,0.8,0.575
Br0x_jrn5ll,round1,0.7,medium,0.7,medium,0.7,medium,0.7,medium,0.5,medium,0.7,medium,0.7,medium,0.7,low,0.87,medium,0.7,medium,0.7,medium,0.7,medium,12,0.6975,0.7,0.0791,0.5,0.87,0.0,0.0504,0.0463,0.8,0.5731
Br0x_pjvzxv,round1,0.87,medium,0.87,medium,0.87,high,0.87,medium,0.87,medium,0.87,medium,0.7,medium,0.87,medium,0.87,medium,0.7,medium,0.87,medium,0.87,high,12,0.8417,0.87,0.0662,0.7,0.87,0.0,0.0327,0.0491,0.8,0.6813
Br0x_qn1lz8,round2,0.3,low,0.3,medium,0.3,medium,0.3,low,0.5,medium,0.3,medium,0.3,medium,0.3,low,0.3,medium,0.3,low,0.5,low,0.3,medium,12,0.3333,0.3,0.0778,0.3,0.5,0.0,0.0385,0.0577,0.8,0.3
Br0x_single-trace,round2,0.87,medium,0.7,medium,0.87,high,0.87,medium,0.7,medium,0.87,high,0.87,medium,0.87,medium,0.87,medium,0.87,medium,0.87,medium,0.7,medium,12,0.8275,0.87,0.0769,0.7,0.87,0.085,0.0283,0.0425,0.8,0.6706
Br0x_x7yjx8,round1,0.3,medium,0.7,medium,0.3,low,0.3,low,0.7,low,0.7,medium,0.3,medium,0.7,low,0.3,low,0.3,medium,0.7,medium,0.3,medium,12,0.4667,0.3,0.206,0.3,0.7,0.4,0.0667,0.2082,0.8,0.4
BrGp_5rpk15,round2,0.87,medium,0.7,medium,0.87,high,0.87,medium,0.7,medium,0.87,high,0.87,medium,0.7,medium,0.87,high,0.87,high,0.7,medium,0.87,high,12,0.8133,0.87,0.0837,0.7,0.87,0.17,0.0,0.0981,0.8,0.66
BrGp_7rxk4x,round2,0.7,medium,0.5,medium,0.87,medium,0.7,medium,0.7,medium,0.87,high,0.7,medium,0.7,medium,0.7,medium,0.7,medium,0.7,low,0.87,medium,12,0.7258,0.7,0.1039,0.5,0.87,0.085,0.0358,0.0915,0.8,0.5944
BrGp_8njk52,round1,0.7,medium,0.7,medium,0.7,medium,0.7,medium,0.7,medium,0.87,high,0.7,low,0.5,medium,0.3,medium,0.7,low,0.5,low,0.87,high,12,0.6617,0.7,0.1596,0.3,0.87,0.1,0.1117,0.0539,0.8,0.5463
BrGp_blv93q,round2,0.97,high,0.87,medium,0.97,high,0.97,high,0.87,medium,0.87,high,0.97,high,0.87,medium,0.97,high,0.97,high,0.87,medium,0.87,high,12,0.92,0.92,0.0522,0.87,0.97,0.1,0.0192,0.05,0.8,0.74
BrGp_g3ov8l,round2,0.7,low,0.7,low,0.7,medium,0.5,low,0.7,medium,0.7,medium,0.5,low,0.5,medium,0.7,medium,0.7,low,0.5,low,0.87,medium,12,0.6475,0.7,0.119,0.5,0.87,0.2,0.0614,0.0823,0.8,0.5356
BrGp_m67j81,round1,0.87,medium,0.7,medium,0.87,high,0.87,medium,0.87,medium,0.87,high,0.87,high,0.7,medium,0.87,high,0.87,high,0.7,medium,0.87,high,12,0.8275,0.87,0.0769,0.7,0.87,0.085,0.0283,0.0736,0.8,0.6706
BrGp_o25x3z,round1,0.7,low,0.7,low,0.7,medium,0.7,medium,0.5,medium,0.87,high,0.7,low,0.5,low,0.7,medium,0.7,low,0.7,low,0.87,medium,12,0.695,0.7,0.1118,0.5,0.87,0.0,0.0505,0.0926,0.8,0.5712
BrGp_y3kqy7,round1,0.87,medium,0.7,medium,0.87,high,0.87,high,0.7,medium,0.87,high,0.87,medium,0.7,medium,0.87,high,0.87,high,0.7,medium,0.87,high,12,0.8133,0.87,0.0837,0.7,0.87,0.17,0.0,0.0981,0.8,0.66
CEQM,round3,0.7,medium,0.7,medium,0.87,medium,0.7,medium,0.7,medium,0.87,medium,0.7,low,0.7,medium,0.7,medium,0.7,medium,0.7,medium,0.87,high,12,0.7425,0.7,0.0769,0.7,0.87,0.085,0.0283,0.0736,0.8,0.6069
D2LY_g81lpo,round1,0.87,medium,0.87,medium,0.7,medium,0.87,medium,0.7,medium,0.87,high,0.87,medium,0.7,medium,0.87,high,0.87,medium,0.87,medium,0.87,high,12,0.8275,0.87,0.0769,0.7,0.87,0.085,0.0283,0.0425,0.8,0.6706
D2LY_mn5k2x,round1,0.7,medium,0.7,medium,0.87,high,0.87,medium,0.87,medium,0.87,high,0.7,medium,0.7,medium,0.87,high,0.7,medium,0.7,medium,0.87,high,12,0.785,0.785,0.0888,0.7,0.87,0.17,0.0567,0.0736,0.8,0.6388
D2LY_mov8w7,round2,0.87,medium,0.7,medium,0.87,high,0.87,medium,0.7,medium,0.87,high,0.87,medium,0.7,medium,0.87,medium,0.87,medium,0.87,medium,0.87,high,12,0.8275,0.87,0.0769,0.7,0.87,0.085,0.0283,0.0736,0.8,0.6706
D2LY_mrdnoj,round1,0.5,medium,0.5,medium,0.87,medium,0.7,medium,0.7,medium,0.87,medium,0.3,medium,0.5,medium,0.3,medium,0.5,low,0.7,low,0.87,high,12,0.6092,0.6,0.2062,0.3,0.87,0.285,0.1706,0.114,0.8,0.5069
DEqr_single-trace,round1,0.7,medium,0.7,medium,0.87,high,0.87,medium,0.7,medium,0.87,high,0.7,medium,0.87,medium,0.7,medium,0.7,medium,0.7,medium,0.87,medium,12,0.7708,0.7,0.0875,0.7,0.87,0.17,0.0283,0.0491,0.8,0.6281
DJAM,round3,0.7,medium,0.7,medium,0.7,medium,0.7,medium,0.7,medium,0.7,medium,0.7,medium,0.7,medium,0.7,medium,0.7,medium,0.7,medium,0.7,medium,12,0.7,0.7,0.0,0.7,0.7,0.0,0.0,0.0,0.8,0.575
DJSH,round3,0.3,medium,0.5,low,0.3,medium,0.3,medium,0.3,medium,0.3,medium,0.3,medium,0.5,medium,0.3,medium,0.3,low,0.7,low,0.7,medium,12,0.4,0.3,0.1595,0.3,0.7,0.2,0.1155,0.1,0.8,0.35
E5qr_single-trace,round1,0.13,medium,0.3,medium,0.13,high,0.3,medium,0.3,medium,0.3,medium,0.3,medium,0.3,medium,0.3,medium,0.13,medium,0.3,low,0.3,medium,12,0.2575,0.3,0.0769,0.13,0.3,0.085,0.0543,0.0425,0.8,0.2431
EQxa_single-trace,round1,0.7,low,0.7,medium,0.3,medium,0.3,low,0.7,medium,0.3,medium,0.7,low,0.7,medium,0.7,medium,0.7,low,0.7,medium,0.7,medium,12,0.6,0.7,0.1809,0.3,0.7,0.2,0.1277,0.1,0.8,0.5
EZ3x_single-trace,round2,0.87,medium,0.7,medium,0.87,high,0.87,medium,0.7,medium,0.7,medium,0.87,medium,0.87,medium,0.87,medium,0.87,medium,0.7,medium,0.87,high,12,0.8133,0.87,0.0837,0.7,0.87,0.17,0.0463,0.0649,0.8,0.66
Ej3y_single-trace,round2,0.3,medium,0.5,medium,0.3,medium,0.5,low,0.3,medium,0.3,medium,0.3,low,0.5,medium,0.3,medium,0.3,low,0.7,low,0.3,medium,12,0.3833,0.3,0.1337,0.3,0.7,0.2,0.0333,0.1041,0.8,0.3375
G1Lr_single-trace,round1,0.87,medium,0.7,medium,0.87,high,0.87,medium,0.7,medium,0.7,medium,0.7,medium,0.7,medium,0.7,medium,0.7,medium,0.7,medium,0.7,medium,12,0.7425,0.7,0.0769,0.7,0.87,0.085,0.0543,0.0425,0.8,0.6069
GFIR,round3,0.3,medium,0.3,medium,0.13,medium,0.3,medium,0.3,medium,0.3,medium,0.3,medium,0.3,low,0.3,medium,0.3,medium,0.5,low,0.3,medium,12,0.3025,0.3,0.0791,0.13,0.5,0.0,0.0504,0.0463,0.8,0.2769
GNjz_single-trace,round2,0.87,high,0.87,medium,0.87,high,0.87,high,0.87,medium,0.87,high,0.7,medium,0.7,medium,0.87,high,0.87,medium,0.7,medium,0.7,medium,12,0.8133,0.87,0.0837,0.7,0.87,0.17,0.0654,0.0245,0.8,0.66
GPYQ,round3,0.3,medium,0.7,low,0.5,medium,0.7,low,0.7,medium,0.7,medium,0.3,medium,0.7,medium,0.5,medium,0.3,low,0.7,low,0.7,medium,12,0.5667,0.7,0.1775,0.3,0.7,0.3,0.0943,0.1528,0.8,0.475
GXEW_single-trace,round1,0.3,medium,0.3,medium,0.13,high,0.3,medium,0.3,medium,0.3,medium,0.3,medium,0.3,medium,0.3,medium,0.3,medium,0.5,low,0.3,high,12,0.3025,0.3,0.0791,0.13,0.5,0.0,0.0504,0.0463,0.8,0.2769
IBBJ,round3,0.7,medium,0.3,medium,0.3,medium,0.5,medium,0.7,low,0.3,low,0.5,low,0.5,low,0.3,medium,0.7,low,0.7,low,0.5,medium,12,0.5,0.5,0.1706,0.3,0.7,0.4,0.0943,0.1323,0.8,0.425
IBXI,round3,0.87,medium,0.7,medium,0.87,high,0.87,medium,0.7,medium,0.87,high,0.7,medium,0.7,medium,0.87,high,0.7,medium,0.7,medium,0.87,medium,12,0.785,0.785,0.0888,0.7,0.87,0.17,0.0327,0.085,0.8,0.6388
IMKS,round3,0.87,medium,0.87,medium,0.87,high,0.87,medium,0.87,medium,0.87,high,0.87,medium,0.7,medium,0.87,high,0.87,medium,0.7,medium,0.87,medium,12,0.8417,0.87,0.0662,0.7,0.87,0.0,0.0327,0.0491,0.8,0.6813
J4W9_single-trace,round2,0.5,low,0.5,medium,0.3,medium,0.5,low,0.5,medium,0.3,medium,0.5,low,0.5,medium,0.3,medium,0.5,low,0.5,medium,0.3,medium,12,0.4333,0.5,0.0985,0.3,0.5,0.2,0.0,0.1155,0.8,0.375
J7ek_single-trace,round2,0.87,medium,0.87,medium,0.87,high,0.87,medium,0.87,medium,0.87,high,0.87,medium,0.7,medium,0.7,medium,0.87,medium,0.7,medium,0.87,medium,12,0.8275,0.87,0.0769,0.7,0.87,0.085,0.0543,0.0425,0.8,0.6706
JRpA_6ryjx7,round1,0.7,low,0.7,low,0.3,medium,0.5,low,0.7,low,0.3,medium,0.5,low,0.7,low,0.3,medium,0.7,medium,0.7,medium,0.3,medium,12,0.5333,0.6,0.1875,0.3,0.7,0.4,0.0385,0.2082,0.8,0.45
JRpA_7oy1jv,round2,0.3,low,0.3,medium,0.3,medium,0.3,low,0.3,medium,0.3,medium,0.3,low,0.3,low,0.3,medium,0.5,low,0.3,low,0.3,medium,12,0.3167,0.3,0.0577,0.3,0.5,0.0,0.0333,0.0289,0.8,0.2875
JRpA_l8j9xn,round2,0.7,medium,0.7,medium,0.3,medium,0.7,low,0.7,low,0.3,medium,0.7,low,0.7,medium,0.3,medium,0.7,low,0.7,low,0.7,medium,12,0.6,0.7,0.1809,0.3,0.7,0.2,0.0667,0.1732,0.8,0.5
JRpA_zxz13n,round1,0.7,medium,0.7,low,0.3,medium,0.3,low,0.5,medium,0.3,medium,0.5,low,0.7,low,0.3,medium,0.7,medium,0.7,low,0.3,medium,12,0.5,0.5,0.1907,0.3,0.7,0.4,0.0943,0.1803,0.8,0.425
JWzJ_single-trace,round2,0.7,medium,0.7,medium,0.7,medium,0.7,medium,0.7,medium,0.7,medium,0.7,low,0.7,low,0.3,low,0.5,low,0.7,medium,0.7,medium,12,0.65,0.7,0.1243,0.3,0.7,0.0,0.0638,0.05,0.8,0.5375
K4ZD_single-trace,round2,0.3,medium,0.3,medium,0.13,high,0.3,medium,0.3,medium,0.13,high,0.3,medium,0.3,medium,0.13,high,0.13,medium,0.5,medium,0.13,high,12,0.2458,0.3,0.1165,0.13,0.5,0.17,0.005,0.1105,0.8,0.2344
KMIJ,round3,0.87,medium,0.87,medium,0.97,high,0.87,high,0.87,medium,0.87,high,0.87,medium,0.87,medium,0.87,high,0.87,medium,0.87,medium,0.87,high,12,0.8783,0.87,0.0289,0.87,0.97,0.0,0.0167,0.0144,0.8,0.7087
Kj9d_single-trace,round2,0.5,medium,0.7,medium,0.13,medium,0.7,low,0.7,low,0.13,high,0.3,low,0.7,medium,0.3,medium,0.5,low,0.7,low,0.3,medium,12,0.4717,0.5,0.2304,0.13,0.7,0.4,0.0389,0.2437,0.8,0.4038
LMIP,round3,0.7,medium,0.7,medium,0.87,high,0.7,medium,0.5,medium,0.7,medium,0.87,medium,0.7,medium,0.87,medium,0.7,medium,0.7,medium,0.87,high,12,0.74,0.7,0.1114,0.5,0.87,0.17,0.076,0.0888,0.8,0.605
LSAP,round3,0.3,medium,0.3,low,0.3,medium,0.3,medium,0.5,low,0.3,medium,0.3,medium,0.5,medium,0.3,medium,0.3,medium,0.7,low,0.3,medium,12,0.3667,0.3,0.1303,0.3,0.7,0.1,0.0544,0.1155,0.8,0.325
LmBx_single-trace,round1,0.3,medium,0.7,low,0.3,medium,0.3,medium,0.3,medium,0.13,high,0.3,low,0.5,low,0.13,medium,0.3,low,0.5,low,0.3,medium,12,0.3383,0.3,0.1596,0.13,0.7,0.1,0.0809,0.1463,0.8,0.3037
MKLD,round3,0.87,medium,0.7,medium,0.7,medium,0.7,medium,0.7,medium,0.87,medium,0.7,medium,0.7,medium,0.7,high,0.7,medium,0.7,medium,0.87,high,12,0.7425,0.7,0.0769,0.7,0.87,0.085,0.0283,0.0425,0.8,0.6069
MRJD,round3,0.97,high,0.87,high,0.97,high,0.97,high,0.87,high,0.97,high,0.97,high,0.97,medium,0.97,high,0.97,high,0.87,medium,0.97,high,12,0.945,0.97,0.0452,0.87,0.97,0.05,0.0167,0.0433,0.8,0.7588
NJBO,round3,0.7,medium,0.7,medium,0.7,medium,0.7,medium,0.7,medium,0.5,low,0.7,low,0.7,medium,0.7,medium,0.7,medium,0.7,medium,0.7,medium,12,0.6833,0.7,0.0577,0.5,0.7,0.0,0.0333,0.0289,0.8,0.5625
NKFB,round3,0.87,medium,0.7,medium,0.87,high,0.87,medium,0.7,medium,0.87,high,0.7,medium,0.87,medium,0.87,high,0.7,medium,0.7,medium,0.87,high,12,0.7992,0.87,0.0875,0.7,0.87,0.17,0.0283,0.0649,0.8,0.6494
NMHB,round3,0.3,medium,0.3,medium,0.3,medium,0.3,medium,0.3,low,0.3,medium,0.3,medium,0.3,medium,0.3,medium,0.3,medium,0.3,medium,0.3,medium,12,0.3,0.3,0.0,0.3,0.3,0.0,0.0,0.0,0.8,0.275
Nj8V_single-trace,round2,0.3,medium,0.5,low,0.3,medium,0.3,medium,0.3,low,0.3,medium,0.3,medium,0.5,medium,0.3,medium,0.3,medium,0.7,medium,0.3,medium,12,0.3667,0.3,0.1303,0.3,0.7,0.1,0.0544,0.1155,0.8,0.325
NrrW_single-trace,round2,0.97,high,0.87,high,0.97,high,0.97,high,0.87,high,0.97,high,0.97,high,0.87,high,0.97,high,0.97,high,0.87,high,0.97,high,12,0.9367,0.97,0.0492,0.87,0.97,0.1,0.0,0.0577,0.8,0.7525
OYX0_2n1rrj,round1,0.87,medium,0.7,medium,0.87,high,0.87,medium,0.7,medium,0.87,high,0.7,medium,0.7,medium,0.87,medium,0.87,medium,0.87,medium,0.87,high,12,0.8133,0.87,0.0837,0.7,0.87,0.17,0.0463,0.0649,0.8,0.66
OYX0_5o9y12,round1,0.97,high,0.87,high,0.97,high,0.97,high,0.87,medium,0.87,high,0.87,high,0.87,medium,0.97,high,0.87,high,0.87,medium,0.87,high,12,0.9033,0.87,0.0492,0.87,0.97,0.1,0.0272,0.0289,0.8,0.7275
OYX0_single-trace,round2,0.87,high,0.7,medium,0.87,high,0.87,medium,0.7,medium,0.87,high,0.87,medium,0.7,medium,0.87,medium,0.87,medium,0.7,medium,0.87,medium,12,0.8133,0.87,0.0837,0.7,0.87,0.17,0.0,0.0981,0.8,0.66
OYX0_y5wnn9,round1,0.7,medium,0.5,medium,0.3,medium,0.7,medium,0.7,low,0.87,high,0.5,low,0.7,low,0.3,medium,0.5,low,0.5,medium,0.7,medium,12,0.5808,0.6,0.1754,0.3,0.87,0.2,0.1214,0.0332,0.8,0.4856
OYX0_ywd1y9,round2,0.97,high,0.87,medium,0.97,high,0.87,high,0.87,high,0.97,high,0.87,high,0.87,medium,0.97,high,0.97,high,0.87,medium,0.87,high,12,0.9117,0.87,0.0515,0.87,0.97,0.1,0.0167,0.0382,0.8,0.7338
OeGv_8vrpd2,round2,0.3,medium,0.3,medium,0.13,high,0.3,medium,0.3,medium,0.13,high,0.3,medium,0.3,medium,0.13,high,0.3,low,0.3,medium,0.13,high,12,0.2433,0.3,0.0837,0.13,0.3,0.17,0.0,0.0981,0.8,0.2325
OeGv_bnxon4,round1,0.3,medium,0.3,medium,0.13,high,0.3,medium,0.3,medium,0.13,high,0.3,medium,0.3,medium,0.13,medium,0.3,medium,0.3,low,0.13,medium,12,0.2433,0.3,0.0837,0.13,0.3,0.17,0.0,0.0981,0.8,0.2325
OeGv_br469p,round1,0.3,medium,0.5,low,0.13,medium,0.3,medium,0.3,medium,0.13,medium,0.3,medium,0.3,medium,0.13,medium,0.3,medium,0.3,medium,0.3,medium,12,0.2742,0.3,0.1039,0.13,0.5,0.085,0.0358,0.0915,0.8,0.2556
OeGv_gv8q78,round1,0.3,medium,0.3,medium,0.13,medium,0.3,medium,0.3,medium,0.13,medium,0.3,medium,0.3,medium,0.13,medium,0.3,medium,0.5,low,0.13,medium,12,0.26,0.3,0.1114,0.13,0.5,0.17,0.0333,0.1153,0.8,0.245
OeGv_single-trace,round2,0.3,low,0.3,medium,0.13,high,0.3,low,0.3,low,0.13,high,0.3,medium,0.3,medium,0.13,high,0.3,low,0.3,medium,0.13,high,12,0.2433,0.3,0.0837,0.13,0.3,0.17,0.0,0.0981,0.8,0.2325
Ovkm_single-trace,round1,0.87,medium,0.7,medium,0.7,medium,0.87,medium,0.7,medium,0.7,medium,0.7,medium,0.7,medium,0.7,medium,0.87,medium,0.7,medium,0.87,high,12,0.7567,0.7,0.0837,0.7,0.87,0.17,0.0463,0.0649,0.8,0.6175
Ow0_single-trace,round1,0.7,low,0.7,medium,0.3,medium,0.5,low,0.7,low,0.3,medium,0.5,low,0.7,medium,0.3,medium,0.5,low,0.7,low,0.3,medium,12,0.5167,0.5,0.1801,0.3,0.7,0.4,0.0333,0.2021,0.8,0.4375
PBKU,round3,0.7,medium,0.7,medium,0.7,medium,0.3,medium,0.7,medium,0.3,medium,0.7,low,0.7,medium,0.87,medium,0.7,medium,0.7,medium,0.7,medium,12,0.6475,0.7,0.1694,0.3,0.87,0.0,0.1453,0.0502,0.8,0.5356
PFVB,round3,0.5,medium,0.5,medium,0.3,high,0.5,medium,0.7,low,0.3,medium,0.3,low,0.3,low,0.3,medium,0.5,low,0.3,medium,0.3,medium,12,0.4,0.3,0.1348,0.3,0.7,0.2,0.0861,0.0866,0.8,0.35
PNPz_single-trace,round2,0.7,medium,0.7,medium,0.87,medium,0.7,medium,0.7,medium,0.7,medium,0.7,low,0.7,medium,0.7,medium,0.7,medium,0.7,medium,0.7,medium,12,0.7142,0.7,0.0491,0.7,0.87,0.0,0.0283,0.0245,0.8,0.5857
PQFU,round3,0.7,medium,0.5,medium,0.87,high,0.7,medium,0.7,medium,0.87,high,0.7,medium,0.7,low,0.7,medium,0.7,medium,0.7,low,0.7,medium,12,0.7117,0.7,0.0935,0.5,0.87,0.0,0.0304,0.0683,0.8,0.5838
Pb9K_single-trace,round2,0.5,medium,0.5,medium,0.3,medium,0.5,medium,0.7,low,0.3,medium,0.5,low,0.5,low,0.3,medium,0.3,low,0.7,low,0.3,low,12,0.45,0.5,0.1508,0.3,0.7,0.2,0.0333,0.15,0.8,0.3875
PlDa_single-trace,round2,0.87,medium,0.7,medium,0.87,high,0.87,medium,0.7,medium,0.87,medium,0.87,medium,0.7,medium,0.87,medium,0.87,medium,0.7,low,0.87,high,12,0.8133,0.87,0.0837,0.7,0.87,0.17,0.0,0.0981,0.8,0.66
Q1dl_single-trace,round1,0.7,medium,0.5,medium,0.3,medium,0.7,low,0.7,medium,0.3,medium,0.5,low,0.7,low,0.3,medium,0.7,low,0.7,medium,0.3,medium,12,0.5333,0.6,0.1875,0.3,0.7,0.4,0.0385,0.2021,0.8,0.45
QSNF,round3,0.87,high,0.7,medium,0.87,high,0.87,high,0.7,medium,0.87,high,0.87,medium,0.7,medium,0.87,high,0.87,medium,0.7,medium,0.87,high,12,0.8133,0.87,0.0837,0.7,0.87,0.17,0.0,0.0981,0.8,0.66
QYJQ,round3,0.7,medium,0.7,medium,0.7,medium,0.7,medium,0.7,medium,0.7,medium,0.7,low,0.7,medium,0.7,medium,0.7,medium,0.7,medium,0.7,medium,12,0.7,0.7,0.0,0.7,0.7,0.0,0.0,0.0,0.8,0.575
QYNq_single-trace,round2,0.5,medium,0.3,low,0.3,medium,0.7,low,0.3,medium,0.3,medium,0.3,medium,0.3,medium,0.3,medium,0.3,low,0.3,medium,0.3,medium,12,0.35,0.3,0.1243,0.3,0.7,0.0,0.0638,0.0866,0.8,0.3125
R9dv_single-trace,round1,0.87,high,0.7,medium,0.87,high,0.87,high,0.87,medium,0.87,high,0.87,high,0.87,medium,0.87,high,0.87,high,0.87,medium,0.87,high,12,0.8558,0.87,0.0491,0.7,0.87,0.0,0.0283,0.0245,0.8,0.6919
RFTL,round3,0.3,medium,0.5,medium,0.3,medium,0.3,medium,0.5,medium,0.3,medium,0.3,low,0.7,medium,0.7,low,0.3,low,0.7,medium,0.5,medium,12,0.45,0.4,0.1732,0.3,0.7,0.3,0.1,0.15,0.8,0.3875
RJb_single-trace,round2,0.3,low,0.5,medium,0.3,medium,0.5,low,0.3,medium,0.3,medium,0.3,medium,0.3,medium,0.3,medium,0.3,medium,0.5,low,0.3,medium,12,0.35,0.3,0.0905,0.3,0.5,0.1,0.0333,0.05,0.8,0.3125
RYKv_3w5kdk,round2,0.87,medium,0.7,medium,0.87,high,0.87,medium,0.7,medium,0.87,high,0.87,medium,0.7,medium,0.87,high,0.87,medium,0.7,low,0.87,high,12,0.8133,0.87,0.0837,0.7,0.87,0.17,0.0,0.0981,0.8,0.66
RYKv_6xnk65,round1,0.87,medium,0.7,medium,0.87,high,0.87,medium,0.7,medium,0.87,high,0.87,medium,0.7,medium,0.87,high,0.7,medium,0.7,medium,0.87,high,12,0.7992,0.87,0.0875,0.7,0.87,0.17,0.0283,0.0885,0.8,0.6494
RYKv_g41jx8,round2,0.87,high,0.87,medium,0.87,high,0.87,medium,0.87,medium,0.87,high,0.87,medium,0.87,medium,0.87,high,0.87,high,0.87,medium,0.87,high,12,0.87,0.87,0.0,0.87,0.87,0.0,0.0,0.0,0.8,0.7025
RYKv_p5o238,round1,0.87,medium,0.87,medium,0.87,high,0.87,medium,0.7,medium,0.87,high,0.87,medium,0.7,medium,0.87,high,0.87,medium,0.7,medium,0.87,high,12,0.8275,0.87,0.0769,0.7,0.87,0.085,0.0283,0.0736,0.8,0.6706
RYKv_single-trace,round1,0.87,medium,0.87,medium,0.87,high,0.87,medium,0.87,medium,0.87,high,0.87,medium,0.87,medium,0.87,high,0.87,medium,0.87,medium,0.87,high,12,0.87,0.87,0.0,0.87,0.87,0.0,0.0,0.0,0.8,0.7025
RYKv_wzn69v,round2,0.87,medium,0.87,medium,0.87,high,0.87,medium,0.87,medium,0.87,high,0.87,medium,0.87,medium,0.87,high,0.87,medium,0.87,medium,0.87,high,12,0.87,0.87,0.0,0.87,0.87,0.0,0.0,0.0,0.8,0.7025
RZdL_single-trace,round2,0.87,high,0.7,medium,0.87,high,0.87,high,0.7,medium,0.87,high,0.87,medium,0.7,medium,0.87,high,0.87,medium,0.7,medium,0.87,high,12,0.8133,0.87,0.0837,0.7,0.87,0.17,0.0,0.0981,0.8,0.66
RrOb_single-trace,round1,0.97,high,0.87,medium,0.97,high,0.97,high,0.87,medium,0.97,high,0.97,high,0.87,high,0.97,high,0.97,high,0.87,medium,0.97,high,12,0.9367,0.97,0.0492,0.87,0.97,0.1,0.0,0.0577,0.8,0.7525
Rvb_single-trace,round2,0.7,medium,0.7,medium,0.7,medium,0.7,medium,0.7,medium,0.7,medium,0.7,medium,0.7,medium,0.7,medium,0.7,medium,0.7,low,0.7,medium,12,0.7,0.7,0.0,0.7,0.7,0.0,0.0,0.0,0.8,0.575
SAFN,round3,0.3,medium,0.5,medium,0.3,medium,0.3,medium,0.5,medium,0.3,medium,0.3,medium,0.3,medium,0.3,medium,0.3,medium,0.5,low,0.3,medium,12,0.35,0.3,0.0905,0.3,0.5,0.1,0.0333,0.0866,0.8,0.3125
SRVN,round3,0.87,medium,0.7,medium,0.87,high,0.87,medium,0.7,medium,0.87,high,0.87,medium,0.7,medium,0.87,high,0.87,medium,0.7,medium,0.87,high,12,0.8133,0.87,0.0837,0.7,0.87,0.17,0.0,0.0981,0.8,0.66
SXXP,round3,0.87,high,0.87,medium,0.97,high,0.87,high,0.87,medium,0.97,high,0.87,medium,0.87,medium,0.87,high,0.87,high,0.87,medium,0.87,high,12,0.8867,0.87,0.0389,0.87,0.97,0.0,0.0192,0.0289,0.8,0.715
THLC,round3,0.5,medium,0.5,medium,0.3,medium,0.7,medium,0.7,medium,0.7,medium,0.5,low,0.7,low,0.7,low,0.5,medium,0.7,low,0.3,medium,12,0.5667,0.6,0.1557,0.3,0.7,0.2,0.1217,0.0764,0.8,0.475
TJKC,round3,0.7,low,0.5,medium,0.3,medium,0.7,low,0.7,low,0.7,medium,0.3,medium,0.7,low,0.3,medium,0.7,low,0.5,medium,0.3,medium,12,0.5333,0.6,0.1875,0.3,0.7,0.4,0.1155,0.1155,0.8,0.45
TLNC,round3,0.3,medium,0.7,medium,0.3,medium,0.5,low,0.5,medium,0.3,medium,0.5,low,0.7,medium,0.3,low,0.5,medium,0.7,medium,0.7,low,12,0.5,0.5,0.1706,0.3,0.7,0.4,0.0943,0.1323,0.8,0.425
TUXC,round3,0.87,high,0.87,medium,0.97,high,0.87,high,0.87,medium,0.97,high,0.87,high,0.87,medium,0.87,high,0.87,high,0.87,medium,0.87,high,12,0.8867,0.87,0.0389,0.87,0.97,0.0,0.0192,0.0289,0.8,0.715
UGZY,round3,0.7,low,0.7,medium,0.7,medium,0.7,medium,0.7,medium,0.7,medium,0.5,low,0.7,medium,0.7,medium,0.7,medium,0.7,medium,0.7,medium,12,0.6833,0.7,0.0577,0.5,0.7,0.0,0.0333,0.0289,0.8,0.5625
VB9K_single-trace,round1,0.3,medium,0.3,medium,0.3,medium,0.3,medium,0.3,medium,0.3,medium,0.3,medium,0.3,medium,0.3,medium,0.3,low,0.3,medium,0.3,medium,12,0.3,0.3,0.0,0.3,0.3,0.0,0.0,0.0,0.8,0.275
VGAe_single-trace,round2,0.7,medium,0.7,medium,0.3,medium,0.7,medium,0.87,medium,0.3,medium,0.5,low,0.7,medium,0.3,medium,0.5,low,0.7,medium,0.3,medium,12,0.5475,0.6,0.2067,0.3,0.87,0.4,0.0595,0.2259,0.8,0.4606
VOwm_single-trace,round2,0.7,medium,0.7,medium,0.87,medium,0.7,medium,0.7,medium,0.7,medium,0.7,low,0.7,medium,0.7,medium,0.7,low,0.7,medium,0.7,medium,12,0.7142,0.7,0.0491,0.7,0.87,0.0,0.0283,0.0245,0.8,0.5857
Vj0p_b819vj,round2,0.97,high,0.87,medium,0.97,high,0.87,high,0.87,medium,0.87,high,0.97,high,0.87,medium,0.87,high,0.87,high,0.87,medium,0.87,high,12,0.895,0.87,0.0452,0.87,0.97,0.05,0.0319,0.025,0.8,0.7213
Vj0p_g1j462,round1,0.87,medium,0.5,medium,0.3,medium,0.7,medium,0.5,medium,0.87,high,0.87,medium,0.7,medium,0.87,medium,0.87,medium,0.7,medium,0.87,medium,12,0.7183,0.785,0.1929,0.3,0.87,0.27,0.1225,0.114,0.8,0.5887
Vj0p_g27k3q,round1,0.97,high,0.87,medium,0.97,high,0.97,high,0.7,medium,0.97,high,0.87,high,0.87,medium,0.87,high,0.97,high,0.87,medium,0.87,high,12,0.8975,0.87,0.0797,0.7,0.97,0.1,0.0296,0.0619,0.8,0.7231
Vj0p_g9dq43,round2,0.87,high,0.7,medium,0.87,high,0.87,high,0.7,medium,0.87,high,0.87,medium,0.7,medium,0.87,high,0.87,high,0.7,medium,0.87,high,12,0.8133,0.87,0.0837,0.7,0.87,0.17,0.0,0.0981,0.8,0.66
Vj0p_mjjnpk,round1,0.7,medium,0.5,medium,0.3,medium,0.87,medium,0.7,low,0.87,high,0.7,low,0.5,medium,0.3,medium,0.87,medium,0.5,medium,0.3,medium,12,0.5925,0.6,0.2232,0.3,0.87,0.385,0.1496,0.1752,0.8,0.4944
Vj0p_single-trace,round2,0.87,medium,0.7,medium,0.87,high,0.7,medium,0.7,low,0.87,high,0.7,medium,0.7,medium,0.87,medium,0.7,low,0.7,medium,0.87,high,12,0.7708,0.7,0.0875,0.7,0.87,0.17,0.0283,0.0885,0.8,0.6281
VjjX_single-trace,round2,0.87,medium,0.7,medium,0.7,medium,0.87,medium,0.87,medium,0.7,medium,0.87,medium,0.7,medium,0.7,medium,0.87,medium,0.7,medium,0.5,medium,12,0.7542,0.7,0.1165,0.5,0.87,0.17,0.0504,0.1105,0.8,0.6157
Vpgm_single-trace,round2,0.87,medium,0.7,medium,0.87,high,0.87,medium,0.87,medium,0.87,high,0.87,medium,0.7,medium,0.87,high,0.87,medium,0.87,medium,0.87,high,12,0.8417,0.87,0.0662,0.7,0.87,0.0,0.0327,0.0491,0.8,0.6813
VvZX_single-trace,round1,0.7,low,0.5,medium,0.3,medium,0.7,medium,0.3,medium,0.3,medium,0.7,low,0.3,medium,0.3,medium,0.7,low,0.5,low,0.3,low,12,0.4667,0.4,0.1875,0.3,0.7,0.4,0.0385,0.2082,0.8,0.4
WCBV,round3,0.5,medium,0.7,low,0.5,medium,0.3,medium,0.7,low,0.3,medium,0.5,low,0.7,low,0.3,medium,0.3,medium,0.7,medium,0.3,medium,12,0.4833,0.5,0.1801,0.3,0.7,0.4,0.0638,0.1893,0.8,0.4125
WFDV,round3,0.87,medium,0.87,medium,0.87,high,0.87,medium,0.7,medium,0.87,high,0.87,medium,0.7,medium,0.87,high,0.87,medium,0.7,medium,0.87,high,12,0.8275,0.87,0.0769,0.7,0.87,0.085,0.0283,0.0736,0.8,0.6706
WPTV,round3,0.5,medium,0.7,medium,0.3,medium,0.3,medium,0.7,medium,0.3,medium,0.5,low,0.7,low,0.3,low,0.3,low,0.7,medium,0.3,medium,12,0.4667,0.4,0.1875,0.3,0.7,0.4,0.0385,0.2082,0.8,0.4
WXFV,round3,0.87,medium,0.7,medium,0.87,high,0.87,medium,0.7,medium,0.87,high,0.87,medium,0.7,medium,0.87,high,0.87,medium,0.7,medium,0.87,high,12,0.8133,0.87,0.0837,0.7,0.87,0.17,0.0,0.0981,0.8,0.66
WaYe_single-trace,round2,0.3,medium,0.7,medium,0.3,medium,0.3,medium,0.3,medium,0.13,medium,0.5,low,0.7,medium,0.3,medium,0.3,low,0.7,low,0.3,medium,12,0.4025,0.3,0.1961,0.13,0.7,0.3,0.1107,0.1772,0.8,0.3519
Wre_single-trace,round1,0.13,medium,0.3,medium,0.13,high,0.13,medium,0.3,medium,0.13,high,0.3,medium,0.3,medium,0.13,high,0.3,medium,0.3,medium,0.13,high,12,0.215,0.215,0.0888,0.13,0.3,0.17,0.0327,0.085,0.8,0.2113
XGPZ,round3,0.7,medium,0.7,medium,0.87,high,0.7,medium,0.7,medium,0.7,medium,0.7,medium,0.7,medium,0.87,medium,0.7,medium,0.7,medium,0.87,high,12,0.7425,0.7,0.0769,0.7,0.87,0.085,0.0283,0.0736,0.8,0.6069
XGVO,round3,0.7,medium,0.7,medium,0.87,high,0.87,high,0.7,medium,0.87,high,0.87,medium,0.87,medium,0.87,high,0.87,medium,0.87,medium,0.87,high,12,0.8275,0.87,0.0769,0.7,0.87,0.085,0.0543,0.0425,0.8,0.6706
XGWH,round3,0.7,medium,0.7,medium,0.87,high,0.7,medium,0.7,medium,0.87,high,0.7,medium,0.7,medium,0.7,medium,0.7,medium,0.7,medium,0.87,medium,12,0.7425,0.7,0.0769,0.7,0.87,0.085,0.0283,0.0736,0.8,0.6069
Y8Yx_single-trace,round2,0.97,high,0.87,high,0.97,high,0.97,high,0.87,high,0.97,high,0.97,high,0.87,high,0.97,high,0.97,high,0.87,high,0.97,high,12,0.9367,0.97,0.0492,0.87,0.97,0.1,0.0,0.0577,0.8,0.7525
YJOF,round3,0.87,medium,0.7,medium,0.87,high,0.7,medium,0.7,medium,0.87,high,0.7,medium,0.7,medium,0.87,medium,0.87,medium,0.7,medium,0.87,high,12,0.785,0.785,0.0888,0.7,0.87,0.17,0.0327,0.085,0.8,0.6388
YOLF,round3,0.3,medium,0.3,medium,0.3,medium,0.3,medium,0.5,medium,0.3,medium,0.3,medium,0.3,low,0.3,medium,0.3,medium,0.3,low,0.3,medium,12,0.3167,0.3,0.0577,0.3,0.5,0.0,0.0333,0.0289,0.8,0.2875
YVKL,round3,0.87,high,0.87,medium,0.87,high,0.87,high,0.87,medium,0.87,high,0.87,medium,0.87,medium,0.87,high,0.87,high,0.87,medium,0.87,high,12,0.87,0.87,0.0,0.87,0.87,0.0,0.0,0.0,0.8,0.7025
YWep_single-trace,round1,0.87,high,0.87,medium,0.97,high,0.87,high,0.87,medium,0.87,high,0.87,high,0.87,medium,0.97,high,0.87,medium,0.87,medium,0.87,high,12,0.8867,0.87,0.0389,0.87,0.97,0.0,0.0192,0.0289,0.8,0.715
YXDF,round3,0.87,medium,0.7,medium,0.87,high,0.87,medium,0.7,medium,0.87,high,0.87,medium,0.7,medium,0.87,high,0.7,medium,0.87,medium,0.87,high,12,0.8133,0.87,0.0837,0.7,0.87,0.17,0.0,0.0649,0.8,0.66
YmQR_single-trace,round2,0.7,medium,0.7,medium,0.87,high,0.7,medium,0.7,medium,0.87,medium,0.7,low,0.7,medium,0.87,high,0.7,low,0.7,medium,0.87,high,12,0.7567,0.7,0.0837,0.7,0.87,0.17,0.0,0.0981,0.8,0.6175
YpZZ_single-trace,round1,0.7,medium,0.7,medium,0.7,medium,0.3,medium,0.7,medium,0.3,medium,0.7,low,0.87,low,0.3,medium,0.7,low,0.87,medium,0.3,medium,12,0.595,0.7,0.2267,0.3,0.87,0.4,0.1137,0.1925,0.8,0.4962
a8jQ_single-trace,round2,0.3,low,0.5,medium,0.3,medium,0.3,low,0.5,medium,0.3,medium,0.3,low,0.5,medium,0.3,medium,0.5,medium,0.5,medium,0.3,medium,12,0.3833,0.3,0.103,0.3,0.5,0.2,0.0333,0.1041,0.8,0.3375
aYyR_single-trace,round1,0.7,medium,0.7,medium,0.87,high,0.7,medium,0.7,medium,0.87,high,0.7,medium,0.7,medium,0.87,high,0.7,medium,0.7,medium,0.87,high,12,0.7567,0.7,0.0837,0.7,0.87,0.17,0.0,0.0981,0.8,0.6175
amYY_single-trace,round2,0.7,medium,0.7,medium,0.87,high,0.87,medium,0.7,medium,0.7,medium,0.7,medium,0.7,medium,0.7,medium,0.87,medium,0.87,medium,0.7,medium,12,0.7567,0.7,0.0837,0.7,0.87,0.17,0.0463,0.0245,0.8,0.6175
bLe8_single-trace,round2,0.7,medium,0.7,medium,0.7,medium,0.7,low,0.7,low,0.5,medium,0.7,low,0.7,medium,0.3,low,0.7,low,0.7,medium,0.5,low,12,0.6333,0.7,0.1303,0.3,0.7,0.1,0.0544,0.1155,0.8,0.525
d5v3_single-trace,round2,0.3,medium,0.7,low,0.3,medium,0.3,low,0.7,low,0.3,medium,0.3,low,0.7,low,0.3,medium,0.5,low,0.7,medium,0.3,medium,12,0.45,0.3,0.1931,0.3,0.7,0.4,0.0333,0.2179,0.8,0.3875
dxQp_single-trace,round2,0.87,medium,0.87,medium,0.87,high,0.87,high,0.87,medium,0.87,high,0.87,medium,0.87,medium,0.87,high,0.87,medium,0.87,medium,0.87,high,12,0.87,0.87,0.0,0.87,0.87,0.0,0.0,0.0,0.8,0.7025
eg1q_single-trace,round1,0.3,medium,0.7,low,0.13,medium,0.3,low,0.5,medium,0.3,medium,0.3,low,0.7,low,0.13,medium,0.5,low,0.7,low,0.3,medium,12,0.405,0.3,0.2101,0.13,0.7,0.3,0.0635,0.2227,0.8,0.3538
eg3p_single-trace,round1,0.3,medium,0.3,medium,0.13,high,0.3,medium,0.3,medium,0.13,high,0.3,medium,0.3,low,0.13,medium,0.3,medium,0.3,low,0.3,high,12,0.2575,0.3,0.0769,0.13,0.3,0.085,0.0283,0.0736,0.8,0.2431
egX9_single-trace,round2,0.87,medium,0.7,medium,0.87,high,0.7,medium,0.7,medium,0.87,high,0.7,medium,0.87,medium,0.87,high,0.7,medium,0.7,medium,0.87,medium,12,0.785,0.785,0.0888,0.7,0.87,0.17,0.0327,0.0736,0.8,0.6388
exd7_single-trace,round1,0.7,medium,0.7,medium,0.87,medium,0.7,low,0.7,medium,0.7,medium,0.7,low,0.7,medium,0.7,medium,0.7,medium,0.7,medium,0.3,medium,12,0.6808,0.7,0.1295,0.3,0.87,0.0,0.0807,0.0332,0.8,0.5606
gRWz_single-trace,round1,0.87,medium,0.87,medium,0.87,high,0.87,high,0.87,medium,0.87,high,0.87,medium,0.7,medium,0.87,high,0.87,medium,0.87,medium,0.87,high,12,0.8558,0.87,0.0491,0.7,0.87,0.0,0.0283,0.0245,0.8,0.6919
gbAY_single-trace,round2,0.3,low,0.13,medium,0.3,medium,0.3,medium,0.3,medium,0.13,medium,0.3,medium,0.13,medium,0.3,medium,0.3,low,0.3,medium,0.3,medium,12,0.2575,0.3,0.0769,0.13,0.3,0.085,0.0283,0.0425,0.8,0.2431
gbg4_single-trace,round2,0.3,medium,0.7,low,0.3,medium,0.3,low,0.5,medium,0.3,medium,0.3,medium,0.5,medium,0.3,medium,0.3,low,0.7,low,0.3,medium,12,0.4,0.3,0.1595,0.3,0.7,0.2,0.0385,0.1732,0.8,0.35
gbl9_single-trace,round2,0.3,medium,0.5,medium,0.13,high,0.3,medium,0.5,low,0.13,medium,0.3,medium,0.7,low,0.13,medium,0.3,medium,0.7,low,0.3,medium,12,0.3575,0.3,0.2016,0.13,0.7,0.285,0.0595,0.2195,0.8,0.3181
j2yd_single-trace,round1,0.3,low,0.7,medium,0.7,medium,0.3,low,0.7,medium,0.5,medium,0.3,low,0.7,medium,0.7,medium,0.3,low,0.7,medium,0.7,medium,12,0.55,0.7,0.1931,0.3,0.7,0.4,0.0333,0.2179,0.8,0.4625
jDWN_single-trace,round2,0.87,high,0.7,medium,0.87,high,0.87,high,0.87,medium,0.87,high,0.87,high,0.87,medium,0.87,high,0.97,high,0.87,medium,0.87,high,12,0.8642,0.87,0.0592,0.7,0.97,0.0,0.0374,0.0341,0.8,0.6981
jLr_single-trace,round1,0.3,medium,0.5,medium,0.3,high,0.3,medium,0.3,medium,0.13,high,0.3,medium,0.5,low,0.3,medium,0.3,medium,0.5,medium,0.3,medium,12,0.3358,0.3,0.1102,0.13,0.5,0.1,0.0617,0.1011,0.8,0.3019
kXp8_single-trace,round1,0.7,low,0.7,medium,0.5,medium,0.7,low,0.7,medium,0.7,medium,0.7,low,0.7,medium,0.5,low,0.7,low,0.7,low,0.5,low,12,0.65,0.7,0.0905,0.5,0.7,0.1,0.0333,0.0866,0.8,0.5375
lJ0w_single-trace,round1,0.7,low,0.7,medium,0.87,high,0.5,low,0.7,medium,0.87,medium,0.7,low,0.7,low,0.87,high,0.7,medium,0.7,medium,0.7,medium,12,0.7258,0.7,0.1039,0.5,0.87,0.085,0.0358,0.0915,0.8,0.5944
lkBL_single-trace,round2,0.3,medium,0.3,medium,0.13,high,0.13,medium,0.3,medium,0.13,high,0.3,medium,0.3,medium,0.13,medium,0.3,medium,0.5,medium,0.13,high,12,0.2458,0.3,0.1165,0.13,0.5,0.17,0.0504,0.1105,0.8,0.2344
mBL1_single-trace,round1,0.7,low,0.5,low,0.3,medium,0.7,medium,0.5,low,0.3,medium,0.7,medium,0.3,low,0.3,medium,0.7,low,0.7,low,0.3,medium,12,0.5,0.5,0.1907,0.3,0.7,0.4,0.0544,0.2,0.8,0.425
mJDj_single-trace,round1,0.5,low,0.3,medium,0.7,medium,0.5,medium,0.7,low,0.87,medium,0.5,low,0.7,low,0.3,medium,0.5,low,0.7,medium,0.3,medium,12,0.5475,0.5,0.1883,0.3,0.87,0.3,0.095,0.0502,0.8,0.4606
mrZ_single-trace,round2,0.3,medium,0.3,medium,0.13,high,0.3,medium,0.3,medium,0.13,high,0.3,medium,0.3,medium,0.13,medium,0.3,medium,0.3,medium,0.3,high,12,0.2575,0.3,0.0769,0.13,0.3,0.085,0.0283,0.0736,0.8,0.2431
pN7E_single-trace,round2,0.3,medium,0.3,medium,0.3,medium,0.5,low,0.3,medium,0.3,medium,0.3,low,0.3,medium,0.3,medium,0.3,low,0.5,low,0.3,medium,12,0.3333,0.3,0.0778,0.3,0.5,0.0,0.0385,0.0289,0.8,0.3
plLK_single-trace,round1,0.5,medium,0.5,medium,0.3,medium,0.7,medium,0.7,low,0.3,medium,0.3,low,0.3,low,0.3,medium,0.3,medium,0.5,medium,0.3,medium,12,0.4167,0.3,0.1586,0.3,0.7,0.2,0.1139,0.1041,0.8,0.3625
pw3m_single-trace,round2,0.7,low,0.7,low,0.3,medium,0.7,low,0.7,medium,0.3,medium,0.5,low,0.7,low,0.3,medium,0.3,low,0.7,low,0.3,medium,12,0.5167,0.6,0.1992,0.3,0.7,0.4,0.0638,0.2021,0.8,0.4375
qXX2_single-trace,round1,0.7,medium,0.7,low,0.7,medium,0.7,medium,0.7,low,0.7,medium,0.7,medium,0.7,medium,0.3,medium,0.7,medium,0.7,low,0.7,medium,12,0.6667,0.7,0.1155,0.3,0.7,0.0,0.0667,0.0577,0.8,0.55
qYr7_1rzq75,round1,0.87,high,0.87,medium,0.87,high,0.97,high,0.87,high,0.97,high,0.87,high,0.87,high,0.87,high,0.87,high,0.87,medium,0.87,high,12,0.8867,0.87,0.0389,0.87,0.97,0.0,0.0333,0.0144,0.8,0.715
qYr7_4k31n8,round2,0.97,high,0.87,medium,0.97,high,0.97,high,0.87,high,0.97,high,0.87,high,0.87,high,0.97,high,0.97,high,0.87,medium,0.97,high,12,0.9283,0.97,0.0515,0.87,0.97,0.1,0.0167,0.052,0.8,0.7462
qYr7_9oj2rd,round1,0.97,high,0.87,medium,0.97,high,0.97,high,0.87,high,0.97,high,0.97,high,0.87,medium,0.97,medium,0.87,high,0.87,medium,0.87,high,12,0.92,0.92,0.0522,0.87,0.97,0.1,0.0333,0.0433,0.8,0.74
qYr7_j6d39n,round1,0.97,high,0.87,medium,0.87,high,0.87,high,0.87,high,0.87,high,0.87,high,0.87,medium,0.97,high,0.97,high,0.87,medium,0.87,high,12,0.895,0.87,0.0452,0.87,0.97,0.05,0.0167,0.025,0.8,0.7213
qYr7_single-trace,round2,0.7,medium,0.7,medium,0.87,high,0.87,medium,0.7,medium,0.87,medium,0.87,medium,0.87,medium,0.87,high,0.87,medium,0.87,medium,0.87,high,12,0.8275,0.87,0.0769,0.7,0.87,0.085,0.0543,0.0425,0.8,0.6706
qYr7_ywrd82,round2,0.97,high,0.87,medium,0.87,high,0.97,high,0.87,high,0.87,high,0.97,medium,0.87,medium,0.97,high,0.97,high,0.87,medium,0.87,high,12,0.9117,0.87,0.0515,0.87,0.97,0.1,0.0167,0.052,0.8,0.7338
qgWj_9olz6z,round2,0.7,medium,0.7,medium,0.87,medium,0.7,medium,0.7,medium,0.7,medium,0.7,medium,0.7,medium,0.7,medium,0.7,low,0.7,medium,0.87,medium,12,0.7283,0.7,0.0662,0.7,0.87,0.0,0.0327,0.0491,0.8,0.5962
qgWj_j6qlvv,round1,0.7,medium,0.7,medium,0.5,medium,0.7,medium,0.7,medium,0.7,medium,0.7,low,0.7,medium,0.7,medium,0.7,medium,0.7,medium,0.7,medium,12,0.6833,0.7,0.0577,0.5,0.7,0.0,0.0333,0.0289,0.8,0.5625
qgWj_pplx84,round1,0.7,medium,0.7,medium,0.87,high,0.87,medium,0.7,medium,0.87,medium,0.87,medium,0.7,medium,0.87,high,0.87,medium,0.7,medium,0.87,high,12,0.7992,0.87,0.0875,0.7,0.87,0.17,0.0283,0.0885,0.8,0.6494
qgWj_q76z8j,round1,0.7,medium,0.7,medium,0.7,low,0.7,medium,0.7,medium,0.7,medium,0.7,low,0.7,medium,0.7,low,0.7,low,0.7,medium,0.7,medium,12,0.7,0.7,0.0,0.7,0.7,0.0,0.0,0.0,0.8,0.575
qgWj_single-trace,round2,0.7,medium,0.7,medium,0.7,medium,0.7,medium,0.7,medium,0.7,medium,0.7,medium,0.7,medium,0.7,medium,0.7,medium,0.7,medium,0.7,medium,12,0.7,0.7,0.0,0.7,0.7,0.0,0.0,0.0,0.8,0.575
qgWj_x61xpy,round1,0.7,medium,0.7,medium,0.87,high,0.7,medium,0.7,medium,0.7,medium,0.7,medium,0.7,medium,0.7,medium,0.7,medium,0.7,medium,0.87,medium,12,0.7283,0.7,0.0662,0.7,0.87,0.0,0.0327,0.0491,0.8,0.5962
rpq_single-trace,round1,0.7,medium,0.7,medium,0.3,medium,0.5,low,0.5,medium,0.3,medium,0.5,low,0.7,medium,0.3,low,0.5,low,0.7,medium,0.3,medium,12,0.5,0.5,0.1706,0.3,0.7,0.4,0.0544,0.1803,0.8,0.425
w5dv_single-trace,round2,0.5,medium,0.7,medium,0.3,medium,0.5,low,0.7,low,0.3,medium,0.7,low,0.7,low,0.5,low,0.5,low,0.7,low,0.3,medium,12,0.5333,0.5,0.167,0.3,0.7,0.3,0.0667,0.1756,0.8,0.45
wRvv_bz6lqp,round2,0.87,medium,0.87,medium,0.87,high,0.87,high,0.87,medium,0.87,high,0.87,medium,0.87,medium,0.87,high,0.87,medium,0.87,medium,0.87,high,12,0.87,0.87,0.0,0.87,0.87,0.0,0.0,0.0,0.8,0.7025
wRvv_gld3y5,round2,0.87,high,0.87,medium,0.87,high,0.87,medium,0.87,medium,0.87,high,0.87,medium,0.87,medium,0.97,high,0.87,medium,0.7,medium,0.87,high,12,0.8642,0.87,0.0592,0.7,0.97,0.0,0.0374,0.0341,0.8,0.6981
wRvv_gxvxw2,round2,0.5,low,0.5,low,0.3,medium,0.3,medium,0.3,medium,0.3,medium,0.3,low,0.5,low,0.7,medium,0.5,low,0.7,low,0.7,low,12,0.4667,0.5,0.167,0.3,0.7,0.3,0.1388,0.0577,0.8,0.4
wRvv_m328ro,round1,0.7,low,0.7,medium,0.7,low,0.7,low,0.7,low,0.5,medium,0.7,low,0.7,medium,0.7,medium,0.7,medium,0.7,medium,0.7,medium,12,0.6833,0.7,0.0577,0.5,0.7,0.0,0.0333,0.0289,0.8,0.5625
wRvv_m7zd6r,round2,0.87,high,0.87,medium,0.87,high,0.87,high,0.7,medium,0.87,high,0.87,medium,0.87,medium,0.87,high,0.87,medium,0.87,medium,0.87,high,12,0.8558,0.87,0.0491,0.7,0.87,0.0,0.0283,0.0245,0.8,0.6919
wRvv_single-trace,round1,0.87,medium,0.7,medium,0.87,high,0.87,high,0.87,medium,0.87,high,0.87,high,0.87,medium,0.87,high,0.87,medium,0.87,medium,0.87,high,12,0.8558,0.87,0.0491,0.7,0.87,0.0,0.0283,0.0245,0.8,0.6919
x0pA_single-trace,round1,0.7,medium,0.7,medium,0.87,high,0.7,medium,0.7,medium,0.87,high,0.87,medium,0.7,medium,0.87,high,0.7,medium,0.7,medium,0.87,high,12,0.7708,0.7,0.0875,0.7,0.87,0.17,0.0283,0.0885,0.8,0.6281
x3KP_single-trace,round1,0.87,medium,0.7,medium,0.87,high,0.87,medium,0.87,medium,0.87,high,0.87,medium,0.7,medium,0.87,medium,0.87,high,0.7,medium,0.87,medium,12,0.8275,0.87,0.0769,0.7,0.87,0.085,0.0283,0.0736,0.8,0.6706
xYbO_single-trace,round1,0.3,medium,0.5,medium,0.3,medium,0.3,medium,0.5,medium,0.3,medium,0.3,medium,0.7,low,0.3,medium,0.3,low,0.7,medium,0.3,medium,12,0.4,0.3,0.1595,0.3,0.7,0.2,0.0385,0.1732,0.8,0.35
xvrb_single-trace,round2,0.87,medium,0.87,medium,0.87,high,0.87,medium,0.87,medium,0.87,medium,0.87,medium,0.87,medium,0.87,high,0.87,medium,0.87,medium,0.87,high,12,0.87,0.87,0.0,0.87,0.87,0.0,0.0,0.0,0.8,0.7025
y3R4_single-trace,round2,0.5,medium,0.5,medium,0.3,medium,0.5,medium,0.7,medium,0.3,medium,0.5,medium,0.5,medium,0.3,medium,0.5,low,0.7,low,0.3,medium,12,0.4667,0.5,0.1435,0.3,0.7,0.2,0.0385,0.1528,0.8,0.4
yAPR_single-trace,round1,0.7,medium,0.7,medium,0.7,medium,0.87,medium,0.7,medium,0.87,high,0.7,medium,0.7,medium,0.7,medium,0.7,medium,0.7,medium,0.7,medium,12,0.7283,0.7,0.0662,0.7,0.87,0.0,0.0567,0.0245,0.8,0.5962
yDyG_single-trace,round2,0.3,medium,0.3,medium,0.13,medium,0.3,medium,0.3,medium,0.3,medium,0.3,medium,0.3,medium,0.13,medium,0.3,medium,0.3,medium,0.3,medium,12,0.2717,0.3,0.0662,0.13,0.3,0.0,0.0327,0.0491,0.8,0.2538
yJwG_single-trace,round2,0.87,medium,0.87,medium,0.87,high,0.87,medium,0.87,medium,0.87,high,0.87,medium,0.87,low,0.87,medium,0.87,medium,0.7,medium,0.87,high,12,0.8558,0.87,0.0491,0.7,0.87,0.0,0.0283,0.0245,0.8,0.6919
yypJ_single-trace,round1,0.7,medium,0.87,medium,0.87,high,0.87,medium,0.7,medium,0.87,medium,0.7,medium,0.87,medium,0.87,high,0.7,medium,0.7,medium,0.87,medium,12,0.7992,0.87,0.0875,0.7,0.87,0.17,0.0283,0.0649,0.8,0.6494
z4dO_single-trace,round2,0.87,medium,0.5,medium,0.3,medium,0.7,low,0.7,medium,0.3,medium,0.7,low,0.7,low,0.3,medium,0.87,medium,0.7,medium,0.3,medium,12,0.5783,0.7,0.2257,0.3,0.87,0.4,0.0304,0.2503,0.8,0.4837
zK2_single-trace,round1,0.87,medium,0.87,medium,0.87,high,0.87,high,0.87,medium,0.87,high,0.87,medium,0.87,medium,0.87,high,0.87,high,0.87,medium,0.87,high,12,0.87,0.87,0.0,0.87,0.87,0.0,0.0,0.0,0.8,0.7025
zN22_single-trace,round2,0.3,medium,0.3,medium,0.13,medium,0.3,medium,0.3,medium,0.3,medium,0.3,medium,0.3,medium,0.3,medium,0.3,medium,0.3,low,0.3,medium,12,0.2858,0.3,0.0491,0.13,0.3,0.0,0.0283,0.0245,0.8,0.2644
zNEm_single-trace,round1,0.7,medium,0.7,medium,0.7,medium,0.7,medium,0.7,medium,0.3,medium,0.7,medium,0.7,medium,0.7,medium,0.7,medium,0.7,low,0.7,low,12,0.6667,0.7,0.1155,0.3,0.7,0.0,0.0667,0.0577,0.8,0.55
zb3Y_b66y26,round1,0.3,low,0.7,low,0.5,medium,0.3,medium,0.5,low,0.3,medium,0.5,low,0.7,medium,0.3,medium,0.3,low,0.7,low,0.7,low,12,0.4833,0.5,0.1801,0.3,0.7,0.4,0.0839,0.1528,0.8,0.4125
zb3Y_bqw6wo,round1,0.3,low,0.5,medium,0.7,medium,0.7,low,0.5,medium,0.3,medium,0.7,low,0.7,medium,0.7,low,0.5,low,0.7,medium,0.7,low,12,0.5833,0.7,0.1586,0.3,0.7,0.2,0.1,0.0289,0.8,0.4875
zb3Y_bzyz9k,round2,0.87,medium,0.7,medium,0.87,high,0.87,medium,0.7,medium,0.87,high,0.87,low,0.7,medium,0.87,medium,0.87,medium,0.7,medium,0.87,high,12,0.8133,0.87,0.0837,0.7,0.87,0.17,0.0,0.0981,0.8,0.66
zb3Y_gl7j22,round2,0.87,medium,0.7,medium,0.87,medium,0.87,medium,0.7,medium,0.87,high,0.87,medium,0.87,medium,0.87,medium,0.87,medium,0.87,medium,0.87,medium,12,0.8417,0.87,0.0662,0.7,0.87,0.0,0.0327,0.0491,0.8,0.6813
zb3Y_m3dy4j,round1,0.87,high,0.87,medium,0.87,high,0.97,high,0.87,medium,0.87,high,0.87,medium,0.87,medium,0.87,high,0.87,medium,0.87,medium,0.87,medium,12,0.8783,0.87,0.0289,0.87,0.97,0.0,0.0167,0.0144,0.8,0.7087
zb3Y_mp3lzw,round1,0.5,low,0.5,medium,0.7,low,0.3,medium,0.5,low,0.3,medium,0.5,low,0.7,medium,0.7,medium,0.3,low,0.7,medium,0.7,medium,12,0.5333,0.5,0.167,0.3,0.7,0.3,0.1155,0.1155,0.8,0.45
zb3Y_mw9jx3,round2,0.87,medium,0.87,medium,0.97,high,0.87,high,0.87,medium,0.87,high,0.87,medium,0.87,medium,0.97,high,0.87,medium,0.87,medium,0.87,high,12,0.8867,0.87,0.0389,0.87,0.97,0.0,0.0192,0.0289,0.8,0.715
zb3Y_single-trace,round2,0.5,low,0.7,medium,0.5,medium,0.3,low,0.5,medium,0.3,medium,0.5,low,0.7,medium,0.3,medium,0.3,low,0.7,medium,0.7,medium,12,0.5,0.5,0.1706,0.3,0.7,0.4,0.0943,0.1323,0.8,0.425
zekm_single-trace,round2,0.7,medium,0.5,medium,0.7,medium,0.7,medium,0.7,low,0.3,medium,0.7,medium,0.7,low,0.3,medium,0.5,medium,0.7,low,0.7,medium,12,0.6,0.7,0.1595,0.3,0.7,0.2,0.0385,0.0866,0.8,0.5
zlBL_9k761j,round1,0.7,medium,0.7,low,0.5,medium,0.3,medium,0.5,medium,0.3,medium,0.7,low,0.7,medium,0.7,medium,0.7,low,0.7,medium,0.7,medium,12,0.6,0.7,0.1595,0.3,0.7,0.2,0.1587,0.05,0.8,0.5
zlBL_bv7vrq,round1,0.7,medium,0.7,medium,0.87,high,0.7,medium,0.7,medium,0.7,medium,0.7,low,0.7,medium,0.7,medium,0.7,low,0.7,medium,0.87,medium,12,0.7283,0.7,0.0662,0.7,0.87,0.0,0.0327,0.0491,0.8,0.5962
zlBL_g7jwq5,round2,0.3,medium,0.3,medium,0.3,high,0.3,medium,0.5,medium,0.13,medium,0.3,medium,0.5,medium,0.3,medium,0.5,low,0.3,low,0.3,medium,12,0.3358,0.3,0.1102,0.13,0.5,0.1,0.0358,0.0723,0.8,0.3019
zlBL_md2wdj,round1,0.7,medium,0.5,medium,0.7,high,0.7,medium,0.5,medium,0.87,high,0.7,low,0.5,medium,0.87,high,0.7,low,0.3,medium,0.87,medium,12,0.6592,0.7,0.1775,0.3,0.87,0.285,0.0358,0.192,0.8,0.5444
zlBL_mo9wrp,round2,0.87,medium,0.7,medium,0.87,high,0.87,medium,0.7,medium,0.87,medium,0.7,medium,0.7,medium,0.87,medium,0.87,medium,0.7,medium,0.87,high,12,0.7992,0.87,0.0875,0.7,0.87,0.17,0.0283,0.0885,0.8,0.6494
zlBL_single-trace,round2,0.7,medium,0.5,medium,0.7,medium,0.5,medium,0.5,medium,0.5,medium,0.5,low,0.7,medium,0.7,medium,0.7,medium,0.7,low,0.7,medium,12,0.6167,0.7,0.103,0.5,0.7,0.2,0.0839,0.0289,0.8,0.5125
zlm2_single-trace,round1,0.87,medium,0.87,medium,0.7,medium,0.7,medium,0.87,medium,0.3,medium,0.87,medium,0.87,medium,0.7,low,0.87,medium,0.87,medium,0.7,medium,12,0.7658,0.87,0.168,0.3,0.87,0.17,0.095,0.1452,0.8,0.6244
zmYY_g82z5k,round1,0.7,medium,0.7,medium,0.87,medium,0.7,medium,0.7,medium,0.87,high,0.7,medium,0.7,medium,0.87,medium,0.7,medium,0.7,medium,0.87,high,12,0.7567,0.7,0.0837,0.7,0.87,0.17,0.0,0.0981,0.8,0.6175
zmYY_moyz3d,round2,0.7,medium,0.7,low,0.7,medium,0.7,low,0.5,medium,0.3,medium,0.5,low,0.7,medium,0.3,low,0.7,low,0.7,low,0.7,medium,12,0.6,0.7,0.1595,0.3,0.7,0.2,0.1155,0.0866,0.8,0.5
zqwm_single-trace,round2,0.97,high,0.87,medium,0.87,high,0.97,high,0.87,medium,0.97,high,0.97,high,0.87,medium,0.97,high,0.97,high,0.87,medium,0.87,high,12,0.92,0.92,0.0522,0.87,0.97,0.1,0.0192,0.05,0.8,0.74
